BALANCE,BALANCE_FREQUENCY,PURCHASES,ONEOFF_PURCHASES,INSTALLMENTS_PURCHASES,CASH_ADVANCE,PURCHASES_FREQUENCY,ONEOFF_PURCHASES_FREQUENCY,PURCHASES_INSTALLMENTS_FREQUENCY,CASH_ADVANCE_FREQUENCY,CASH_ADVANCE_TRX,PURCHASES_TRX,CREDIT_LIMIT,PAYMENTS,MINIMUM_PAYMENTS,PRC_FULL_PAYMENT,TENURE
627.260806,1.0,7091.01,6402.63,688.38,0.0,1.0,1.0,1.0,0.0,0.0,64.0,13500.0,6354.314328,198.065894,1.0,12.0
6369.531318,1.0,6359.95,5910.04,449.91,229.028245,1.0,0.916667,1.0,0.333333,6.0,92.0,11250.0,2077.959051,1659.775075,0.0,12.0
1411.60223,0.454545,963.24,963.24,0.0,6173.682877,0.083333,0.083333,0.0,0.333333,6.0,6.0,7500.0,20071.07544,719.948985,0.333333,12.0
2386.330629,1.0,5217.62,4789.09,428.53,0.0,0.916667,0.916667,0.5,0.0,0.0,42.0,7500.0,5678.729613,1311.514878,0.083333,12.0
1935.362486,1.0,4915.6,4515.34,400.26,293.844792,1.0,1.0,0.333333,0.083333,1.0,50.0,9000.0,4921.066897,594.756686,0.0,12.0
3539.801912,1.0,2823.8,1540.41,1283.39,0.0,0.916667,0.916667,0.833333,0.0,0.0,75.0,5700.0,9172.788366,2103.796148,0.083333,12.0
2114.158683,1.0,5580.85,0.0,5580.85,0.0,1.0,0.0,1.0,0.0,0.0,75.0,8500.0,3564.977774,630.00413,0.0,12.0
2392.917738,1.0,12462.44,12462.44,0.0,0.0,0.916667,0.916667,0.0,0.0,0.0,217.0,2800.0,11628.71557,2000.990921,0.0,12.0
2163.678757,1.0,5779.36,3436.53,2342.83,0.0,1.0,1.0,1.0,0.0,0.0,97.0,6500.0,4416.41268,546.439139,0.0,12.0
2765.748281,1.0,7283.31,5087.31,2196.0,0.0,1.0,1.0,0.666667,0.0,0.0,77.0,11000.0,14373.3929,1058.128452,0.25,12.0
595.677343,1.0,5078.14,4330.53,747.61,1424.442602,0.916667,0.666667,0.75,0.083333,1.0,42.0,15000.0,4756.654374,241.894073,0.916667,12.0
975.942008,1.0,10221.35,7141.38,3079.97,1620.685551,1.0,1.0,0.833333,0.583333,18.0,130.0,10500.0,10693.49585,347.641073,0.75,12.0
4559.779234,1.0,10848.5,8208.0,2640.5,0.0,1.0,0.666667,1.0,0.0,0.0,123.0,7500.0,9423.715495,2925.275522,0.0,12.0
2422.311938,1.0,4490.69,3456.25,1034.44,188.783221,1.0,0.916667,1.0,0.083333,1.0,52.0,8500.0,5763.666926,582.589765,0.0,12.0
9047.621884,1.0,11188.62,6099.16,5089.46,0.0,1.0,0.75,1.0,0.0,0.0,151.0,10000.0,11994.41815,8517.258683,0.0,12.0
6571.484039,1.0,9325.22,9325.22,0.0,0.0,0.333333,0.333333,0.0,0.0,0.0,5.0,8500.0,11036.72668,1824.680131,0.0,12.0
2723.369217,0.909091,10410.49,1158.84,9251.65,0.0,0.75,0.666667,0.583333,0.0,0.0,41.0,19500.0,9695.650901,726.696049,0.363636,12.0
1272.927288,1.0,5350.19,4783.34,566.85,0.0,1.0,1.0,0.916667,0.0,0.0,101.0,8000.0,5825.602115,318.305326,0.166667,12.0
2041.480046,1.0,7323.38,4944.88,2378.5,191.331735,1.0,0.833333,0.75,0.083333,1.0,81.0,3000.0,3792.095079,1737.893866,0.083333,12.0
2554.525229,1.0,6186.77,6099.08,87.69,1898.690655,0.916667,0.75,0.25,0.083333,1.0,38.0,10950.0,11198.92613,608.36886,0.083333,12.0
535.947221,1.0,4550.81,3016.98,1533.83,438.469118,1.0,0.916667,1.0,0.083333,1.0,99.0,8500.0,4317.191232,208.73456,0.916667,12.0
7645.108427,1.0,4693.15,4332.65,360.5,0.0,0.5,0.416667,0.333333,0.0,0.0,12.0,13500.0,4786.64868,1741.158024,0.0,12.0
635.090434,0.818182,5758.71,2252.37,3506.34,0.0,0.75,0.25,0.75,0.0,0.0,48.0,2900.0,7943.57021,197.416104,1.0,12.0
2762.479434,1.0,2702.47,1526.31,1176.16,0.0,1.0,0.25,1.0,0.0,0.0,27.0,11000.0,7596.768364,1013.086448,0.083333,12.0
498.208616,1.0,4786.61,4397.64,388.97,0.0,0.916667,0.833333,0.5,0.0,0.0,61.0,9000.0,3805.669705,163.459999,1.0,12.0
1132.386178,0.454545,2246.3,2246.3,0.0,14048.07181,0.333333,0.333333,0.0,0.416667,20.0,8.0,6000.0,32048.6122,406.790252,0.8,12.0
1732.715258,1.0,3244.16,2480.85,763.31,0.0,1.0,0.666667,0.5,0.0,0.0,29.0,11500.0,5674.185857,563.827502,0.0,12.0
1903.688611,1.0,6079.5,4719.5,1360.0,10227.22894,0.916667,0.25,0.666667,0.25,22.0,31.0,7300.0,18552.39489,762.263884,0.416667,12.0
426.372628,1.0,5749.96,5439.96,310.0,0.0,1.0,1.0,0.25,0.0,0.0,50.0,12000.0,5711.540654,202.73209,0.833333,12.0
1128.229387,1.0,5068.88,3529.88,1539.0,0.0,1.0,1.0,1.0,0.0,0.0,76.0,4500.0,3904.568067,373.931063,0.083333,12.0
507.144348,1.0,5708.18,4584.78,1123.4,0.0,1.0,0.75,0.75,0.0,0.0,47.0,4000.0,5589.952268,232.131169,1.0,12.0
6032.740391,1.0,7553.48,2643.53,4909.95,0.0,0.916667,0.75,1.0,0.0,0.0,85.0,13500.0,5377.338091,1365.123434,0.0,12.0
1492.039988,1.0,4106.15,2688.46,1417.69,734.816479,0.333333,0.25,0.416667,0.083333,1.0,50.0,12000.0,9678.173119,606.899183,0.5,12.0
150.952465,0.727273,6407.67,3725.33,2682.34,0.0,1.0,0.666667,1.0,0.0,0.0,44.0,14500.0,3484.429075,108.937025,0.3,12.0
204.329381,1.0,6558.55,6558.55,0.0,0.0,1.0,1.0,0.0,0.0,0.0,74.0,7000.0,5872.707939,169.703195,0.916667,12.0
813.185305,1.0,8194.05,7280.27,913.78,0.0,1.0,1.0,1.0,0.0,0.0,121.0,6000.0,7069.804042,216.277252,0.583333,12.0
2549.128288,1.0,13771.63,4503.31,9268.32,0.0,1.0,0.5,1.0,0.0,0.0,83.0,14500.0,16826.42443,451.636081,0.25,12.0
2883.906333,1.0,4620.34,4300.42,319.92,0.0,1.0,0.583333,1.0,0.0,0.0,21.0,7500.0,6476.333335,1090.368608,0.083333,12.0
3366.051663,1.0,6344.3,4438.8,1905.5,0.0,1.0,0.833333,0.666667,0.0,0.0,54.0,12000.0,2890.901993,694.340138,0.083333,12.0
950.563525,0.909091,7479.95,7479.95,0.0,0.0,0.818182,0.818182,0.0,0.0,0.0,14.0,15000.0,7521.226078,319.437528,0.888889,11.0
531.455619,1.0,6300.4,6300.4,0.0,0.0,0.833333,0.833333,0.0,0.0,0.0,21.0,16500.0,4924.941312,182.288774,1.0,12.0
492.070146,0.8,4924.41,4924.41,0.0,0.0,0.8,0.8,0.0,0.0,0.0,48.0,10500.0,3430.597877,149.408227,1.0,10.0
1311.732049,1.0,10700.63,2912.65,7787.98,0.0,0.916667,0.5,1.0,0.0,0.0,222.0,6000.0,9853.313787,280.014823,0.818182,12.0
1202.975648,1.0,11313.77,10133.7,1180.07,0.0,1.0,1.0,0.833333,0.0,0.0,98.0,6000.0,10718.04224,281.611634,0.833333,12.0
4546.766836,1.0,3525.37,0.0,3525.37,0.0,1.0,0.0,1.0,0.0,0.0,66.0,15000.0,14083.96809,1442.933291,0.25,12.0
3452.538704,1.0,11681.64,11681.64,0.0,0.0,1.0,1.0,0.0,0.0,0.0,141.0,10500.0,8145.713972,1198.614519,0.0,12.0
2690.771926,1.0,12465.21,9805.73,2659.48,0.0,1.0,0.583333,1.0,0.0,0.0,79.0,13000.0,9290.702248,653.194444,0.0,12.0
8781.831676,1.0,11674.64,9400.96,2273.68,0.0,1.0,1.0,0.916667,0.0,0.0,93.0,16000.0,10377.3612,2372.97281,0.0,12.0
837.950585,1.0,8273.18,2904.89,5368.29,0.0,1.0,1.0,1.0,0.0,0.0,53.0,7000.0,7883.621179,208.069929,1.0,12.0
3774.063585,1.0,7680.08,5050.97,2629.11,0.0,1.0,0.583333,1.0,0.0,0.0,64.0,11500.0,2529.085319,1256.196236,0.0,12.0
1088.031913,1.0,9734.63,3756.01,5978.62,0.0,1.0,1.0,1.0,0.0,0.0,194.0,8500.0,8571.945329,204.762568,0.083333,12.0
5248.392421,1.0,8403.17,7469.7,933.47,3141.100688,0.833333,0.666667,0.75,0.5,12.0,117.0,13000.0,8495.972927,1183.069705,0.25,12.0
3123.339488,1.0,11202.09,10929.53,272.56,0.0,1.0,1.0,0.583333,0.0,0.0,100.0,7500.0,8317.163283,887.495688,0.083333,12.0
2394.126386,1.0,3651.59,1544.79,2106.8,2420.908491,1.0,0.833333,1.0,0.166667,11.0,111.0,4500.0,6925.337419,1646.768053,0.083333,12.0
544.879717,1.0,6477.6,3301.6,3176.0,0.0,1.0,1.0,0.916667,0.0,0.0,83.0,7500.0,6381.236136,235.661045,0.833333,12.0
1759.969888,1.0,5969.33,3755.24,2214.09,1777.022586,1.0,1.0,1.0,0.25,4.0,92.0,16500.0,7272.999505,445.131364,0.25,12.0
1482.235539,1.0,14604.87,2475.93,12128.94,0.0,1.0,0.583333,1.0,0.0,0.0,219.0,15500.0,14462.63056,340.717801,1.0,12.0
7760.5254,1.0,14332.92,10588.97,3743.95,0.0,1.0,0.909091,0.909091,0.0,0.0,152.0,16000.0,7116.531862,2117.186083,0.0,11.0
1724.2041,1.0,8371.19,4192.8,4178.39,959.946429,1.0,0.5,1.0,0.083333,1.0,87.0,3800.0,9582.782864,1805.370785,0.25,12.0
558.989996,0.818182,4552.44,1234.0,3318.44,0.0,0.75,0.166667,0.583333,0.0,0.0,15.0,5000.0,5496.343824,173.931803,1.0,12.0
3808.073463,0.909091,6030.34,2874.89,3155.45,7279.880364,1.0,0.5,1.0,0.5,62.0,104.0,7000.0,17084.85192,2068.25205,0.090909,12.0
10359.45471,1.0,12650.0,12650.0,0.0,2781.682203,0.25,0.25,0.0,0.166667,2.0,10.0,10500.0,7566.470234,9170.428051,0.0,12.0
983.339069,1.0,5601.54,3073.82,2527.72,36.336457,1.0,0.75,1.0,0.083333,1.0,182.0,7500.0,4807.552996,207.134142,0.166667,12.0
13763.47358,1.0,9670.84,6701.08,2969.76,1896.204934,1.0,0.75,1.0,0.166667,2.0,88.0,17500.0,24199.11108,3039.137305,0.083333,12.0
1861.026633,1.0,7446.18,6376.98,1069.2,2817.03397,1.0,1.0,1.0,0.25,5.0,82.0,10000.0,10274.93122,528.241518,0.333333,12.0
446.735142,1.0,5228.36,2337.44,2890.92,0.0,1.0,1.0,1.0,0.0,0.0,71.0,3000.0,4843.737867,177.051156,0.454545,12.0
1355.180523,0.909091,8820.67,2549.65,6271.02,0.0,0.75,0.583333,0.583333,0.0,0.0,37.0,6500.0,3609.323897,416.412205,0.0,12.0
6713.551391,1.0,7590.08,7403.57,186.51,1596.569821,0.666667,0.666667,0.166667,0.166667,4.0,81.0,10000.0,2344.430467,4676.633767,0.0,12.0
432.915949,1.0,4430.17,3628.67,801.5,0.0,1.0,1.0,1.0,0.0,0.0,78.0,8500.0,4301.600928,186.739077,1.0,12.0
3879.064446,1.0,9796.28,9536.28,260.0,1959.013493,1.0,0.833333,0.583333,0.166667,2.0,45.0,19000.0,12667.90527,968.363741,0.333333,12.0
772.54691,1.0,8519.02,8003.21,515.81,237.066662,1.0,1.0,1.0,0.083333,1.0,117.0,17500.0,5828.994002,270.774147,0.833333,12.0
83.477053,0.181818,0.0,0.0,0.0,2654.856157,0.0,0.0,0.0,0.083333,2.0,0.0,3000.0,12902.18813,1791.729021,0.5,12.0
2210.404961,1.0,1790.64,1358.4,432.24,1660.66756,1.0,0.833333,1.0,0.75,18.0,52.0,10500.0,8862.839094,478.820544,0.0,12.0
268.493643,1.0,4917.48,3300.1,1617.38,0.0,1.0,0.25,1.0,0.0,0.0,31.0,13500.0,3552.167671,78.898037,0.375,12.0
4007.029155,1.0,7597.09,6761.29,835.8,0.0,1.0,1.0,0.333333,0.0,0.0,22.0,6500.0,0.0,0,0.0,12.0
6725.109914,1.0,6335.65,912.12,5423.53,0.0,1.0,0.583333,1.0,0.0,0.0,108.0,11000.0,3203.884297,2658.77669,0.0,12.0
391.179957,0.909091,7363.38,6965.06,398.32,0.0,0.833333,0.666667,0.416667,0.0,0.0,42.0,4500.0,11891.44907,889.95708,1.0,12.0
1389.598597,1.0,6058.03,3391.88,2666.15,3517.94774,1.0,0.166667,1.0,0.25,6.0,52.0,4000.0,6528.829703,550.971147,0.0,12.0
160.852061,0.888889,4704.98,2017.22,2687.76,0.0,0.888889,0.666667,0.777778,0.0,0.0,45.0,4500.0,4372.542801,129.801874,0.833333,9.0
8.640998,0.363636,0.0,0.0,0.0,2777.200448,0.0,0.0,0.0,0.083333,1.0,0.0,6000.0,11267.69478,5.045387,0.5,12.0
677.188172,0.909091,3777.59,3777.59,0.0,329.214459,0.818182,0.818182,0.0,0.181818,3.0,28.0,4000.0,5499.745992,261.247523,0.090909,11.0
741.294747,1.0,7096.36,4287.78,2808.58,0.0,1.0,1.0,1.0,0.0,0.0,84.0,7500.0,6642.324858,211.053637,1.0,12.0
34.207779,0.090909,2483.26,2483.26,0.0,0.0,0.083333,0.083333,0.0,0.0,0.0,1.0,10000.0,29272.48607,0,0.0,12.0
1060.385693,1.0,5327.61,5327.61,0.0,3467.977927,0.833333,0.833333,0.0,0.583333,12.0,53.0,6000.0,8412.649548,247.085679,0.9,12.0
653.004882,0.818182,2035.29,1259.58,775.71,0.0,0.75,0.5,0.5,0.0,0.0,29.0,9500.0,7590.280949,319.680283,0.0,12.0
599.044829,1.0,6528.65,4859.87,1668.78,0.0,1.0,1.0,1.0,0.0,0.0,113.0,12000.0,5779.079513,176.295409,1.0,12.0
408.732898,0.272727,0.0,0.0,0.0,4799.003911,0.0,0.0,0.0,0.083333,1.0,0.0,5000.0,19666.29097,678.362107,1.0,12.0
317.657562,1.0,4398.35,4398.35,0.0,0.0,0.916667,0.916667,0.0,0.0,0.0,47.0,16500.0,4028.380624,179.19571,0.916667,12.0
12.659909,0.272727,5252.04,2501.0,2751.04,0.0,1.0,0.166667,1.0,0.0,0.0,40.0,7350.0,4086.011768,29.259869,0.083333,12.0
801.110294,1.0,4276.89,1734.5,2542.39,0.0,1.0,0.333333,0.916667,0.0,0.0,58.0,7500.0,4750.947157,195.583027,0.083333,12.0
505.313231,1.0,4471.79,2875.13,1596.66,298.025242,1.0,1.0,0.916667,0.083333,1.0,74.0,14500.0,4393.043928,188.516174,0.833333,12.0
396.419487,1.0,4349.34,4349.34,0.0,0.0,0.916667,0.916667,0.0,0.0,0.0,14.0,5000.0,4381.453625,163.370313,1.0,12.0
541.240795,1.0,5999.95,4104.58,1895.37,0.0,1.0,1.0,1.0,0.0,0.0,97.0,16000.0,6850.328106,200.169985,1.0,12.0
373.243163,0.909091,3603.23,3603.23,0.0,0.0,0.75,0.75,0.0,0.0,0.0,24.0,6000.0,4752.699763,170.242711,1.0,12.0
3892.352781,1.0,6068.82,5368.71,700.11,1806.05694,0.75,0.583333,0.333333,0.333333,12.0,61.0,7500.0,4417.82569,1764.680048,0.0,12.0
5161.854898,1.0,4542.33,4051.67,490.66,0.0,1.0,1.0,0.583333,0.0,0.0,105.0,7500.0,3376.37909,1171.273248,0.0,12.0
2153.498372,1.0,5428.77,3064.59,2364.18,2399.569867,1.0,0.5,1.0,0.166667,3.0,45.0,12500.0,4059.3757,496.075078,0.083333,12.0
2792.534256,1.0,9661.37,9661.37,0.0,0.0,0.416667,0.416667,0.0,0.0,0.0,12.0,8500.0,6000.763458,682.274622,0.0,12.0
468.693449,1.0,4930.68,4012.0,918.68,0.0,1.0,0.416667,1.0,0.0,0.0,40.0,12000.0,4552.742211,217.937998,0.833333,12.0
4007.32326,1.0,3333.95,1317.01,2016.94,513.286838,1.0,0.5,1.0,0.083333,2.0,91.0,6000.0,6967.667428,2158.446633,0.0,12.0
972.665818,1.0,10549.19,9180.41,1368.78,0.0,1.0,1.0,1.0,0.0,0.0,248.0,9000.0,10114.18854,209.881639,1.0,12.0
1245.890862,1.0,5380.3,3976.99,1403.31,0.0,0.833333,0.5,0.75,0.0,0.0,32.0,4500.0,6133.623121,442.215058,0.1,12.0
867.444685,1.0,8751.49,6206.99,2544.5,0.0,1.0,1.0,0.666667,0.0,0.0,63.0,4000.0,8622.953253,209.975643,1.0,12.0
1367.479599,0.818182,12375.0,0.0,12375.0,0.0,0.75,0.0,0.75,0.0,0.0,9.0,16500.0,15246.11594,295.779348,1.0,12.0
619.375758,1.0,6133.45,5932.61,200.84,0.0,1.0,1.0,0.5,0.0,0.0,129.0,7000.0,5505.517545,182.916276,0.833333,12.0
916.63778,1.0,4627.8,2742.39,1885.41,0.0,1.0,1.0,1.0,0.0,0.0,89.0,16500.0,6083.511913,289.474616,0.083333,12.0
4.382924,0.272727,130.24,0.0,152.24,0.0,0.083333,0.0,0.083333,0.0,0.0,0.0,14000.0,28988.97388,1092.184812,0.5,12.0
668.102701,1.0,4943.92,2300.09,2643.83,0.0,1.0,0.916667,1.0,0.0,0.0,52.0,7000.0,4869.034025,199.727571,1.0,12.0
1687.08958,1.0,5094.17,4568.17,526.0,0.0,1.0,1.0,0.416667,0.0,0.0,70.0,8000.0,3606.985963,460.572295,0.0,12.0
1995.089853,1.0,8335.69,7400.85,934.84,0.0,1.0,0.818182,0.272727,0.0,0.0,69.0,7000.0,3348.095046,1298.363292,0.0,11.0
3181.996689,0.909091,2046.06,1605.62,440.44,565.897178,1.0,0.583333,0.916667,0.083333,2.0,27.0,10400.0,9801.637331,1254.849545,0.0,12.0
1177.125233,1.0,8190.9,6949.66,1241.24,0.0,1.0,0.916667,0.5,0.0,0.0,56.0,5000.0,7007.797351,354.703333,0.416667,12.0
588.795215,0.636364,4116.0,0.0,4116.0,0.0,0.5,0.0,0.5,0.0,0.0,12.0,21500.0,8130.112361,224.763498,1.0,12.0
8281.348085,1.0,4231.12,3101.11,1130.01,0.0,1.0,1.0,0.583333,0.0,0.0,43.0,10500.0,2856.165405,2046.341231,0.0,12.0
2270.429964,1.0,8257.26,6367.49,1889.77,4134.316549,1.0,1.0,1.0,0.75,15.0,139.0,13000.0,12080.20143,595.825281,0.25,12.0
1050.527038,0.818182,8880.59,2269.45,6611.14,0.0,1.0,0.333333,1.0,0.0,0.0,64.0,8500.0,7713.262155,266.749027,0.0,12.0
1229.397644,1.0,11414.48,6754.38,4660.1,0.0,1.0,0.916667,1.0,0.0,0.0,176.0,9000.0,9686.614183,263.250811,0.916667,12.0
171.616134,1.0,4996.17,4726.17,270.0,0.0,0.833333,0.75,0.166667,0.0,0.0,35.0,4500.0,4736.750346,86.731068,0.666667,12.0
1034.555485,1.0,5787.66,5093.0,694.66,0.0,0.833333,0.666667,0.75,0.0,0.0,63.0,2700.0,5651.220766,263.619684,0.583333,12.0
502.653982,1.0,4748.5,1845.75,2902.75,0.0,1.0,1.0,1.0,0.0,0.0,82.0,12000.0,4517.823754,205.244926,0.583333,12.0
1216.570617,1.0,5140.49,4882.68,257.81,0.0,1.0,0.75,0.5,0.0,0.0,57.0,4500.0,5671.221416,366.088817,0.0,12.0
3515.039029,1.0,2924.08,1385.29,1538.79,7867.732492,1.0,0.333333,1.0,0.75,31.0,85.0,4000.0,10693.27843,1886.056721,0.0,12.0
2388.030134,1.0,3832.98,2004.03,1828.95,1441.065248,1.0,1.0,1.0,0.083333,1.0,90.0,11000.0,5990.39237,600.897569,0.083333,12.0
4707.131609,0.636364,7066.08,4534.03,2532.05,5192.290154,0.583333,0.333333,0.5,0.25,12.0,87.0,10000.0,5352.856606,6887.163504,0.0,12.0
1917.441126,0.909091,12617.19,76.19,12541.0,0.0,0.333333,0.166667,0.166667,0.0,0.0,5.0,15000.0,13733.55783,336.823302,0.428571,12.0
2472.874609,1.0,2052.74,730.94,1321.8,3251.021027,1.0,0.416667,1.0,0.25,10.0,30.0,6500.0,9076.561132,635.401109,0.083333,12.0
912.36003,1.0,10709.17,9689.36,1019.81,0.0,1.0,1.0,1.0,0.0,0.0,49.0,15000.0,11381.63396,299.249818,1.0,12.0
5383.084424,1.0,9736.61,3684.52,6052.09,2965.656802,1.0,0.416667,1.0,0.25,7.0,135.0,9000.0,15824.73587,3364.021248,0.083333,12.0
1377.812538,1.0,14300.98,10394.67,3906.31,0.0,1.0,0.916667,0.916667,0.0,0.0,55.0,18000.0,13535.67697,352.090849,1.0,12.0
2286.9003,0.909091,4536.48,3275.0,1261.48,0.0,1.0,0.333333,1.0,0.0,0.0,37.0,4000.0,5981.014712,1542.926815,0.0,12.0
1274.142457,1.0,5219.95,2568.35,2651.6,0.0,1.0,0.833333,1.0,0.0,0.0,66.0,7500.0,3984.42893,3453.797867,0.0,12.0
3817.693096,1.0,4974.27,3825.87,1148.4,0.0,1.0,0.25,1.0,0.0,0.0,33.0,5000.0,6752.531183,1468.156345,0.0,12.0
2297.324675,1.0,4474.43,3544.31,930.12,1508.526487,0.916667,0.75,0.416667,0.166667,3.0,44.0,5500.0,9481.484058,846.555233,0.083333,12.0
5292.905315,1.0,5539.68,2603.79,2935.89,0.0,1.0,0.916667,1.0,0.0,0.0,273.0,6000.0,3597.677582,3838.484817,0.0,12.0
1925.094714,1.0,5189.51,3609.24,1580.27,0.0,1.0,1.0,0.833333,0.0,0.0,102.0,7500.0,5851.06442,492.87619,0.0,12.0
3476.603507,1.0,9683.28,7253.28,2430.0,0.0,0.75,0.5,0.25,0.0,0.0,15.0,12500.0,6084.947427,722.986478,0.0,12.0
610.678403,0.909091,3724.25,3301.53,422.72,72.477223,1.0,0.833333,1.0,0.083333,1.0,39.0,4000.0,6486.900601,173.296445,0.2,12.0
1513.075264,1.0,15704.04,12618.86,3085.18,0.0,1.0,0.916667,0.916667,0.0,0.0,185.0,3000.0,14399.70318,310.712671,0.916667,12.0
5919.198579,1.0,9321.13,4678.79,4642.34,0.0,1.0,1.0,1.0,0.0,0.0,171.0,15000.0,7303.897866,1395.715133,0.0,12.0
595.655746,1.0,6562.24,4892.43,1669.81,0.0,1.0,1.0,1.0,0.0,0.0,114.0,8000.0,6240.58958,219.062841,1.0,12.0
3006.594256,1.0,9362.96,5098.75,4264.21,0.0,1.0,0.916667,1.0,0.0,0.0,103.0,7500.0,7079.1781,645.403234,0.0,12.0
4784.708882,1.0,5848.99,2604.0,3244.99,3503.547107,1.0,0.583333,1.0,0.166667,6.0,119.0,5000.0,9006.196318,4513.48893,0.083333,12.0
7842.784061,1.0,5930.99,3862.79,2068.2,0.0,1.0,0.916667,1.0,0.0,0.0,168.0,11500.0,12493.77894,1780.353532,0.0,12.0
2928.480007,1.0,5747.76,4021.77,1725.99,0.0,1.0,0.583333,1.0,0.0,0.0,81.0,8000.0,4901.164291,788.689176,0.0,12.0
3433.295973,1.0,4342.07,4247.87,94.2,0.0,0.833333,0.666667,0.166667,0.0,0.0,20.0,11000.0,3903.861413,806.9871,0.0,12.0
482.799015,0.818182,4240.41,4240.41,0.0,0.0,0.333333,0.333333,0.0,0.0,0.0,4.0,6000.0,6360.427012,127.311184,1.0,12.0
788.9737,1.0,4574.79,4149.47,425.32,2604.900847,1.0,0.583333,0.833333,0.166667,4.0,46.0,9500.0,5097.91073,366.740483,0.083333,12.0
2986.422406,1.0,5132.08,4664.84,467.24,0.0,1.0,1.0,0.583333,0.0,0.0,66.0,10000.0,11454.46623,910.850489,0.0,12.0
6460.838794,1.0,6814.47,6814.47,0.0,0.0,1.0,1.0,0.0,0.0,0.0,15.0,13000.0,1917.817732,1643.130029,0.0,12.0
2882.954391,1.0,3591.81,2452.56,1139.25,554.07167,1.0,0.818182,0.818182,0.090909,2.0,74.0,10450.0,8438.775135,768.82697,0.0,11.0
202.996947,1.0,2338.83,2338.83,0.0,1959.553078,0.916667,0.916667,0.0,0.166667,2.0,42.0,7500.0,6545.07776,223.469126,0.666667,12.0
288.978275,0.909091,2555.91,694.89,1861.02,0.0,1.0,0.363636,0.727273,0.0,0.0,20.0,5000.0,12020.18009,159.547502,1.0,11.0
598.423093,1.0,5835.57,3974.7,1860.87,0.0,1.0,0.833333,0.75,0.0,0.0,53.0,9000.0,6083.426724,204.763572,0.916667,12.0
847.191896,1.0,11507.4,5904.78,5602.62,0.0,1.0,1.0,1.0,0.0,0.0,148.0,10500.0,10414.467,258.364994,0.833333,12.0
776.255666,1.0,6842.23,4938.13,1904.1,0.0,1.0,1.0,1.0,0.0,0.0,112.0,3500.0,5588.683151,280.509038,0.5,12.0
1138.534442,1.0,8665.38,6120.4,2544.98,0.0,1.0,1.0,1.0,0.0,0.0,104.0,9500.0,8216.880805,240.601287,0.166667,12.0
788.257316,1.0,9113.78,6138.57,2975.21,0.0,1.0,1.0,1.0,0.0,0.0,128.0,12000.0,7035.994095,243.938058,1.0,12.0
7803.470739,1.0,7184.73,6519.19,665.54,0.0,1.0,0.583333,0.916667,0.0,0.0,78.0,11500.0,2250.502094,3745.116848,0.0,12.0
2416.771489,1.0,4201.13,3802.21,398.92,3306.574157,1.0,0.75,1.0,0.166667,11.0,82.0,5500.0,6091.906636,830.39506,0.2,12.0
608.752081,1.0,5446.88,3466.22,1980.66,0.0,0.916667,0.25,0.916667,0.0,0.0,45.0,9500.0,5623.305898,233.917424,1.0,12.0
4005.344926,1.0,9134.26,2002.9,7131.36,0.0,1.0,0.25,1.0,0.0,0.0,65.0,10500.0,3579.298838,1148.902535,0.0,12.0
534.75165,0.545455,3044.6,3044.6,0.0,684.269093,0.166667,0.166667,0.0,0.083333,1.0,2.0,3000.0,8987.534163,332.787755,0.333333,12.0
1902.665938,1.0,4666.51,4464.76,201.75,4120.44084,0.916667,0.833333,0.5,0.166667,10.0,46.0,7500.0,6153.484827,534.578893,0.0,12.0
451.905949,1.0,4468.71,3870.15,598.56,0.0,1.0,1.0,0.416667,0.0,0.0,53.0,4000.0,4009.961094,184.31048,1.0,12.0
1487.657507,1.0,4115.98,3975.98,140.0,0.0,0.75,0.666667,0.25,0.0,0.0,31.0,5000.0,3922.394684,474.667356,0.083333,12.0
6443.077147,0.909091,2155.13,1325.34,829.79,1650.039631,1.0,0.583333,1.0,0.416667,17.0,75.0,7500.0,9689.602075,3163.402977,0.0,12.0
505.333425,0.909091,5176.62,5176.62,0.0,0.0,0.666667,0.666667,0.0,0.0,0.0,33.0,8500.0,4971.981428,172.888946,0.6,12.0
3312.222433,1.0,3729.7,2169.35,1560.35,0.0,1.0,1.0,1.0,0.0,0.0,81.0,8000.0,4974.329762,931.22828,0.0,12.0
3891.346976,1.0,3629.8,50.0,3579.8,2538.561644,1.0,0.083333,1.0,0.166667,5.0,254.0,7500.0,8259.411897,4725.470314,0.083333,12.0
984.724235,1.0,10243.48,4316.82,5926.66,0.0,1.0,0.333333,1.0,0.0,0.0,56.0,7500.0,11112.38396,252.899236,1.0,12.0
512.946312,1.0,4391.87,3943.37,448.5,422.496562,1.0,1.0,0.666667,0.166667,2.0,46.0,16500.0,4962.461845,175.713135,0.916667,12.0
499.409588,1.0,6636.91,6157.74,479.17,109.211535,1.0,0.583333,1.0,0.083333,1.0,44.0,8000.0,4290.962037,206.810115,0.8,12.0
5266.121863,1.0,9030.08,6345.65,2684.43,0.0,0.916667,0.25,0.833333,0.0,0.0,28.0,6000.0,7973.983573,6567.292367,0.083333,12.0
1141.349418,1.0,6003.86,3474.35,2529.51,0.0,1.0,0.916667,1.0,0.0,0.0,110.0,2500.0,6848.237541,287.30865,0.083333,12.0
2432.276042,1.0,7156.11,5921.26,1234.85,1543.726862,0.833333,0.833333,0.666667,0.166667,3.0,198.0,9500.0,1914.832296,621.422606,0.083333,12.0
877.603886,1.0,7786.4,215.0,7571.4,0.0,1.0,0.083333,1.0,0.0,0.0,68.0,6500.0,7328.487542,2494.776569,0.916667,12.0
11642.60156,1.0,15108.47,2370.0,12738.47,0.0,1.0,0.5,1.0,0.0,0.0,298.0,12000.0,16005.45204,11652.56511,0.0,12.0
268.577278,0.181818,0.0,0.0,0.0,5625.798427,0.0,0.0,0.0,0.083333,1.0,0.0,9000.0,34107.07499,761.962503,1.0,12.0
1534.294061,1.0,6508.72,3342.9,3165.82,0.0,1.0,0.25,1.0,0.0,0.0,44.0,6000.0,4954.001262,379.022468,0.0,12.0
256.182628,0.181818,111.39,111.39,0.0,0.0,0.166667,0.166667,0.0,0.0,0.0,4.0,10000.0,16842.39187,751.683377,0.333333,12.0
523.329585,1.0,5819.46,4646.02,1173.44,0.0,1.0,1.0,1.0,0.0,0.0,114.0,6000.0,5279.91437,194.433112,0.916667,12.0
27.585915,0.090909,0.0,0.0,0.0,1209.369868,0.0,0.0,0.0,0.083333,1.0,0.0,11000.0,14176.74867,46.573054,0.0,12.0
795.401963,1.0,3408.01,3408.01,0.0,0.0,0.916667,0.916667,0.0,0.0,0.0,11.0,5000.0,5797.060195,242.410057,0.083333,12.0
6773.941979,1.0,14215.0,14215.0,0.0,464.795495,0.583333,0.583333,0.0,0.083333,1.0,30.0,9000.0,5773.661106,6338.527589,0.0,12.0
725.529062,1.0,8754.59,8636.73,117.86,0.0,1.0,1.0,0.25,0.0,0.0,116.0,4000.0,8648.305093,195.873012,0.916667,12.0
9753.114706,1.0,10199.63,4585.44,5614.19,113.120409,1.0,0.916667,1.0,0.166667,2.0,131.0,15000.0,8292.65306,2296.958624,0.0,12.0
4013.183067,1.0,2591.77,1956.09,635.68,1437.475493,1.0,0.75,1.0,0.25,4.0,54.0,8500.0,8342.187656,997.196,0.083333,12.0
11631.32337,1.0,14686.1,0.0,14686.1,3422.724703,1.0,0.0,1.0,0.083333,2.0,347.0,13600.0,11400.6013,10285.13412,0.0,12.0
452.094148,1.0,5073.53,4752.26,321.27,0.0,1.0,1.0,0.666667,0.0,0.0,54.0,7000.0,3923.560419,176.275371,1.0,12.0
509.900317,0.363636,21.0,0.0,21.0,0.0,0.083333,0.0,0.083333,0.0,0.0,1.0,11500.0,23150.57184,1863.225391,0.333333,12.0
8341.513474,1.0,5410.31,2265.38,3144.93,0.0,1.0,0.5,1.0,0.0,0.0,111.0,11100.0,4058.304036,2575.6226,0.0,12.0
4445.044609,1.0,5714.5,3055.5,2659.0,3575.55006,1.0,0.166667,1.0,0.5,22.0,47.0,5000.0,9315.869127,2935.639712,0.083333,12.0
3122.507074,1.0,10755.68,6488.74,4266.94,573.846921,0.916667,0.833333,0.833333,0.166667,2.0,151.0,10000.0,5199.074518,787.853297,0.0,12.0
826.019814,1.0,6856.25,6856.25,0.0,0.0,0.833333,0.833333,0.0,0.0,0.0,46.0,10500.0,6429.084786,215.361187,0.4,12.0
752.26105,1.0,4019.86,3627.86,392.0,5632.549503,0.916667,0.916667,0.583333,0.333333,10.0,19.0,3000.0,7574.577354,237.824379,0.875,12.0
465.332882,1.0,6920.08,5182.71,1737.37,0.0,0.833333,0.583333,0.5,0.0,0.0,34.0,9500.0,5691.439238,235.694396,0.636364,12.0
2962.757731,1.0,4398.65,300.0,4098.65,2483.768145,1.0,0.083333,1.0,0.333333,9.0,47.0,3000.0,7109.795209,5114.110493,0.083333,12.0
877.354533,1.0,6954.28,6441.4,512.88,61.792952,1.0,1.0,1.0,0.083333,1.0,105.0,9000.0,7486.398825,236.319631,0.166667,12.0
8161.84873,1.0,5519.0,4986.43,532.57,0.0,1.0,1.0,0.583333,0.0,0.0,91.0,9000.0,3723.833142,4650.41017,0.0,12.0
1337.229284,1.0,6661.25,5805.5,855.75,0.0,1.0,1.0,0.5,0.0,0.0,108.0,1700.0,5936.298921,554.610686,0.0,12.0
223.786947,1.0,5094.41,3744.41,1350.0,1076.426136,1.0,0.916667,0.416667,0.166667,4.0,53.0,3000.0,5874.101847,151.281295,0.666667,12.0
10092.23573,1.0,8710.72,6799.79,1910.93,0.0,1.0,0.75,0.833333,0.0,0.0,83.0,18000.0,4557.360839,2831.402596,0.0,12.0
2104.961701,0.727273,4115.95,230.5,3885.45,9358.071183,0.833333,0.166667,0.666667,0.916667,20.0,59.0,8000.0,15172.58535,778.239214,0.0,12.0
536.104848,1.0,8591.31,8008.5,582.81,0.0,0.916667,0.666667,0.166667,0.0,0.0,14.0,1000.0,8390.497243,659.502436,0.416667,12.0
3193.320102,1.0,1887.25,1103.23,784.02,0.0,1.0,0.833333,1.0,0.0,0.0,48.0,10500.0,8817.138726,662.651314,0.166667,12.0
868.044414,1.0,8443.97,7506.99,936.98,1637.416111,1.0,1.0,0.583333,0.25,6.0,46.0,9000.0,7793.279324,233.662599,0.909091,12.0
3012.642667,1.0,6999.56,6999.56,0.0,0.0,1.0,1.0,0.0,0.0,0.0,81.0,3500.0,5446.940305,573.86773,0.166667,12.0
5555.173827,1.0,6613.09,3594.45,3018.64,0.0,1.0,1.0,1.0,0.0,0.0,119.0,9500.0,5503.365097,1340.151555,0.0,12.0
1245.943963,1.0,5848.55,3843.33,2005.22,0.0,1.0,1.0,1.0,0.0,0.0,73.0,5000.0,4833.588891,271.982369,0.0,12.0
383.921461,1.0,6598.29,6598.29,0.0,0.0,1.0,1.0,0.0,0.0,0.0,102.0,9500.0,4371.05477,229.880036,0.916667,12.0
5970.705432,1.0,6091.51,2071.52,4019.99,0.0,1.0,0.666667,1.0,0.0,0.0,111.0,8500.0,2516.606708,1333.818771,0.0,12.0
837.142436,1.0,5344.92,3666.78,1678.14,0.0,1.0,0.916667,1.0,0.0,0.0,157.0,8500.0,4522.48655,222.642044,0.0,12.0
5779.287938,1.0,5233.92,3277.47,1956.45,0.0,1.0,0.75,1.0,0.0,0.0,61.0,6000.0,3555.592453,4277.740666,0.0,12.0
3265.116481,0.727273,2147.01,0.0,2147.01,0.0,1.0,0.0,1.0,0.0,0.0,60.0,8000.0,8481.013758,2978.655593,0.0,12.0
2692.671422,1.0,13013.5,9849.05,3164.45,0.0,1.0,1.0,0.833333,0.0,0.0,200.0,7000.0,11250.01917,723.647022,0.0,12.0
1565.025253,1.0,3035.98,785.6,2250.38,7003.112284,1.0,0.5,1.0,0.666667,36.0,94.0,2500.0,13562.87926,1709.158354,0.666667,12.0
4283.519021,1.0,8151.36,3092.07,5059.29,2685.118122,0.833333,0.416667,0.583333,0.25,5.0,48.0,9500.0,6839.916671,1409.01275,0.0,12.0
2953.212886,0.545455,320.48,188.0,132.48,261.393051,0.833333,0.166667,0.666667,0.083333,1.0,11.0,10000.0,8972.867229,718.597731,0.0,12.0
683.849179,1.0,7387.83,3894.51,3493.32,0.0,1.0,0.5,0.916667,0.0,0.0,50.0,8000.0,6873.576182,229.157755,0.75,12.0
4199.989868,1.0,11653.14,6884.6,4768.54,0.0,0.916667,1.0,0.916667,0.0,0.0,84.0,16500.0,13660.2412,1056.912965,0.0,12.0
1851.372165,1.0,6006.79,5506.81,499.98,0.0,1.0,1.0,0.916667,0.0,0.0,93.0,7600.0,5389.6734,586.24393,0.083333,12.0
680.671377,1.0,8040.78,2946.69,5094.09,0.0,1.0,0.666667,1.0,0.0,0.0,66.0,7000.0,6331.737868,194.172362,0.833333,12.0
975.637547,0.818182,6897.56,0.0,6897.56,0.0,0.5,0.0,0.5,0.0,0.0,6.0,6150.0,8337.882098,6703.880744,0.272727,12.0
444.760263,0.636364,3734.7,3734.7,0.0,0.0,0.333333,0.333333,0.0,0.0,0.0,7.0,4000.0,5808.857795,180.414703,0.5,12.0
0.0,0.0,1200.0,1200.0,0.0,0.0,0.083333,0.083333,0.0,0.0,0.0,1.0,2500.0,14229.88248,0,0.0,12.0
846.380946,1.0,8397.44,6812.04,1585.4,0.0,1.0,1.0,1.0,0.0,0.0,118.0,10000.0,8067.500812,202.618759,1.0,12.0
469.380653,1.0,5117.56,2562.27,2555.29,0.0,1.0,1.0,1.0,0.0,0.0,81.0,4300.0,5270.796852,216.41101,0.333333,12.0
4825.450839,1.0,5855.46,5855.46,0.0,0.0,0.833333,0.833333,0.0,0.0,0.0,26.0,7000.0,3866.077948,1232.547913,0.0,12.0
475.675998,1.0,5421.73,5421.73,0.0,0.0,1.0,1.0,0.0,0.0,0.0,34.0,10500.0,5510.903074,183.857011,1.0,12.0
5643.992345,1.0,6141.58,5070.48,1071.1,1003.760024,1.0,0.916667,1.0,0.333333,6.0,92.0,13000.0,11514.83756,1494.575739,0.0,12.0
592.416944,1.0,6228.01,3454.7,2773.31,0.0,1.0,1.0,1.0,0.0,0.0,117.0,4500.0,6052.32316,169.979797,1.0,12.0
816.765152,1.0,7967.04,7839.22,127.82,0.0,1.0,1.0,0.416667,0.0,0.0,81.0,10000.0,8455.311569,193.562444,1.0,12.0
3177.232656,1.0,5877.73,5430.68,447.05,0.0,1.0,1.0,1.0,0.0,0.0,100.0,6000.0,6686.89278,1475.596139,0.0,12.0
488.340514,1.0,4908.93,2290.36,2618.57,0.0,1.0,0.916667,1.0,0.0,0.0,108.0,7500.0,4589.621491,195.304936,0.75,12.0
5376.338384,1.0,5899.35,3732.48,2166.87,0.0,1.0,0.75,0.916667,0.0,0.0,112.0,6000.0,2816.619335,2785.379085,0.0,12.0
4858.92532,1.0,9282.12,1578.86,7703.26,4446.461559,0.833333,0.5,0.666667,0.083333,1.0,111.0,9000.0,16822.58645,3983.471892,0.0,12.0
438.429112,1.0,5044.36,3015.56,2028.8,0.0,1.0,0.416667,0.916667,0.0,0.0,35.0,5500.0,4591.418823,186.28407,1.0,12.0
10116.70899,1.0,10166.69,3300.0,6866.69,0.0,0.833333,0.333333,0.666667,0.0,0.0,45.0,14000.0,2190.466875,4253.469898,0.0,12.0
6743.313868,1.0,5591.26,1770.5,3820.76,1074.347669,1.0,1.0,1.0,0.25,4.0,162.0,9500.0,2314.208069,1682.939354,0.0,12.0
3039.972975,1.0,5988.29,4484.77,1503.52,0.0,1.0,1.0,1.0,0.0,0.0,68.0,7000.0,2458.531724,878.361313,0.0,12.0
1077.459774,1.0,4342.68,3109.98,1232.7,385.830526,1.0,0.833333,0.833333,0.25,6.0,33.0,6900.0,4105.36943,321.561308,0.083333,12.0
889.090252,1.0,9751.9,5896.76,3855.14,0.0,1.0,1.0,0.916667,0.0,0.0,115.0,4500.0,8418.403666,206.69023,0.666667,12.0
472.61828,1.0,4626.36,2974.0,1652.36,305.257038,1.0,0.833333,1.0,0.166667,2.0,67.0,3800.0,4549.881872,176.856716,1.0,12.0
589.682566,0.909091,6398.73,6398.73,0.0,271.370767,0.583333,0.583333,0.0,0.083333,1.0,18.0,10500.0,7443.80581,183.239025,1.0,12.0
3285.196786,1.0,2830.48,1182.2,1648.28,1703.103212,1.0,0.083333,1.0,0.166667,3.0,37.0,8500.0,7224.787261,856.787065,0.166667,12.0
2436.843864,1.0,2647.9,2495.0,152.9,0.0,0.833333,0.75,0.166667,0.0,0.0,17.0,9000.0,7657.885804,883.173758,0.0,12.0
5740.590335,1.0,8218.32,8218.32,0.0,0.0,0.75,0.75,0.0,0.0,0.0,17.0,12000.0,3318.260207,1338.187189,0.0,12.0
4988.093733,1.0,8581.29,4640.84,3940.45,225.473003,1.0,0.666667,1.0,0.083333,1.0,94.0,10500.0,1571.883,1133.733957,0.0,12.0
722.689568,1.0,6493.25,6454.25,39.0,0.0,1.0,1.0,0.083333,0.0,0.0,38.0,3200.0,5777.820302,221.688527,0.75,12.0
1064.872909,0.363636,0.0,0.0,0.0,3358.172644,0.0,0.0,0.0,0.25,8.0,0.0,10500.0,20740.15941,671.319778,0.25,12.0
700.100691,1.0,7244.98,2457.47,4787.51,0.0,1.0,0.833333,1.0,0.0,0.0,110.0,6200.0,6151.929937,197.28441,0.75,12.0
926.458992,0.818182,6200.71,5742.61,458.1,283.476295,0.666667,0.666667,0.416667,0.083333,1.0,49.0,7000.0,7932.430735,271.788449,0.142857,12.0
8315.894044,1.0,8391.55,0.0,8391.55,0.0,1.0,0.0,1.0,0.0,0.0,199.0,8500.0,6322.388249,7912.050279,0.0,12.0
776.919827,1.0,11522.9,11146.28,376.62,0.0,1.0,1.0,0.416667,0.0,0.0,68.0,4500.0,11082.51429,237.006434,0.916667,12.0
3219.604215,1.0,4126.75,4126.75,0.0,0.0,1.0,1.0,0.0,0.0,0.0,31.0,10500.0,6061.100911,1113.256834,0.0,12.0
782.392041,1.0,8168.9,3000.97,5167.93,0.0,1.0,0.666667,1.0,0.0,0.0,59.0,16500.0,7455.296139,232.694923,0.916667,12.0
1904.495561,1.0,4044.14,2961.8,1082.34,0.0,1.0,0.916667,1.0,0.0,0.0,66.0,6700.0,6312.820074,520.454965,0.0,12.0
3139.267322,1.0,5393.36,2094.44,3298.92,0.0,1.0,0.583333,1.0,0.0,0.0,86.0,3000.0,4173.119357,5573.463031,0.0,12.0
98.290292,0.545455,4440.8,4440.8,0.0,0.0,0.583333,0.583333,0.0,0.0,0.0,19.0,1500.0,7150.995346,119.097785,0.75,12.0
4929.758948,1.0,4939.1,4939.1,0.0,2365.84349,0.666667,0.666667,0.0,0.25,7.0,309.0,6000.0,3952.187547,5234.368383,0.0,12.0
1161.901683,1.0,10903.22,7841.79,3061.43,0.0,1.0,1.0,1.0,0.0,0.0,136.0,12000.0,10799.00074,235.88019,1.0,12.0
3347.700395,1.0,5967.42,5016.08,951.34,0.0,1.0,1.0,1.0,0.0,0.0,73.0,11500.0,3012.483841,811.061687,0.0,12.0
3583.515054,1.0,5683.71,219.98,5463.73,0.0,1.0,0.166667,1.0,0.0,0.0,110.0,3000.0,4752.379612,8296.912755,0.0,12.0
9309.635579,1.0,9007.67,8775.37,232.3,0.0,1.0,1.0,0.25,0.0,0.0,87.0,15000.0,5528.180381,2618.776868,0.0,12.0
1241.565972,1.0,3637.75,3396.25,241.5,6419.421654,0.833333,0.583333,0.5,0.333333,8.0,26.0,7000.0,8754.779769,407.886506,0.416667,12.0
434.099616,1.0,4392.05,3817.98,574.07,0.0,1.0,1.0,1.0,0.0,0.0,79.0,6000.0,4076.914448,188.019302,1.0,12.0
975.416023,1.0,9586.1,7916.74,1669.36,0.0,1.0,1.0,1.0,0.0,0.0,248.0,12000.0,8906.373361,214.210554,0.916667,12.0
6257.390416,1.0,9228.97,9081.24,147.73,0.0,1.0,1.0,0.916667,0.0,0.0,85.0,9400.0,2139.278062,3537.101876,0.0,12.0
1019.133646,1.0,9249.73,2326.09,6923.64,0.0,0.833333,0.583333,0.833333,0.0,0.0,96.0,9000.0,8716.674684,240.332998,0.3,12.0
1667.146414,1.0,4343.82,3818.84,524.98,0.0,0.916667,0.75,0.666667,0.0,0.0,39.0,7500.0,3798.443473,425.9899,0.0,12.0
1421.419262,1.0,1669.2,274.19,1395.01,0.0,1.0,0.166667,1.0,0.0,0.0,65.0,8500.0,7684.307278,521.675562,0.0,12.0
581.916416,1.0,5723.9,3780.51,1943.39,0.0,1.0,1.0,1.0,0.0,0.0,130.0,7500.0,5666.333186,186.941527,1.0,12.0
273.429593,1.0,8534.58,7875.08,659.5,0.0,0.916667,0.916667,0.75,0.0,0.0,116.0,5000.0,7512.513474,131.710372,0.875,12.0
470.593325,1.0,6743.31,6182.78,560.53,0.0,1.0,1.0,0.666667,0.0,0.0,122.0,3200.0,4369.008441,222.118023,0.666667,12.0
1663.492233,1.0,3415.39,2355.11,1060.28,4152.202096,1.0,0.666667,1.0,0.416667,7.0,44.0,8500.0,4768.332744,532.466094,0.0,12.0
528.651164,1.0,4978.23,2870.42,2107.81,0.0,0.916667,0.833333,0.5,0.0,0.0,60.0,6000.0,4465.155013,165.366492,0.916667,12.0
1155.338824,0.909091,5744.03,4055.8,1688.23,0.0,0.5,0.083333,0.416667,0.0,0.0,11.0,6000.0,3684.789911,328.151043,0.0,12.0
566.477136,1.0,5370.39,1129.3,4241.09,0.0,1.0,0.5,1.0,0.0,0.0,60.0,5700.0,4124.004704,224.493971,0.5,12.0
4060.710208,0.727273,22500.0,0.0,22500.0,0.0,0.5,0.0,0.416667,0.0,0.0,12.0,23000.0,8760.860264,1645.535202,0.0,12.0
1621.345326,1.0,5167.6,4246.5,921.1,0.0,1.0,1.0,0.833333,0.0,0.0,52.0,5000.0,2721.870415,523.348392,0.0,12.0
636.142309,1.0,4659.65,3377.15,1282.5,0.0,1.0,0.916667,0.666667,0.0,0.0,46.0,6000.0,4622.217377,230.464797,0.25,12.0
3221.105151,1.0,3447.55,1450.0,1997.55,0.0,1.0,0.166667,1.0,0.0,0.0,40.0,9500.0,5401.287094,756.926664,0.0,12.0
2017.314401,1.0,4311.85,1259.88,3051.97,0.0,1.0,0.666667,1.0,0.0,0.0,121.0,12000.0,5430.633936,477.257131,0.0,12.0
788.5958,1.0,3858.06,3678.81,179.25,974.547645,0.916667,0.833333,0.166667,0.333333,6.0,44.0,7050.0,8123.060053,3915.696493,0.444444,12.0
1193.708983,1.0,6643.71,4841.7,1802.01,0.0,1.0,0.916667,0.75,0.0,0.0,39.0,12500.0,6446.627837,6340.898794,0.0,12.0
2354.125834,1.0,5351.58,3824.94,1526.64,156.148653,1.0,0.333333,1.0,0.083333,1.0,21.0,10000.0,4452.753075,562.102772,0.0,12.0
616.570241,0.818182,5788.81,5788.81,0.0,0.0,0.5,0.5,0.0,0.0,0.0,13.0,7000.0,5891.252034,285.762299,0.2,12.0
2306.698723,0.727273,12784.51,11246.07,1538.44,191.652876,0.666667,0.666667,0.333333,0.083333,1.0,68.0,6200.0,13705.00441,1310.291574,0.0,12.0
742.730997,1.0,6236.64,4613.7,1622.94,0.0,1.0,1.0,1.0,0.0,0.0,49.0,3750.0,8529.330225,256.82014,0.833333,12.0
1127.643812,1.0,14454.98,10454.28,4000.7,0.0,1.0,1.0,1.0,0.0,0.0,82.0,9000.0,12996.64271,289.757941,0.916667,12.0
1222.745469,0.363636,0.0,0.0,0.0,5396.550576,0.0,0.0,0.0,0.083333,1.0,0.0,6000.0,15843.68136,1261.125201,0.333333,12.0
2182.752161,1.0,3216.97,2360.3,856.67,5594.061996,1.0,0.666667,1.0,0.583333,17.0,51.0,10000.0,7573.546529,501.711259,0.25,12.0
2901.999862,1.0,11250.65,10165.88,1084.77,0.0,1.0,1.0,0.75,0.0,0.0,274.0,9500.0,6443.381719,691.328423,0.083333,12.0
1357.969348,0.454545,0.0,0.0,0.0,2903.355319,0.0,0.0,0.0,0.25,6.0,0.0,6000.0,12353.26546,717.788508,0.2,12.0
665.786437,1.0,5634.56,3335.15,2299.41,0.0,1.0,1.0,1.0,0.0,0.0,104.0,5200.0,5831.664538,202.213224,0.916667,12.0
2091.627351,1.0,4361.04,2325.83,2035.21,4224.133411,1.0,0.666667,1.0,0.833333,27.0,109.0,2500.0,7608.515679,915.803727,0.083333,12.0
2648.784405,1.0,6697.57,5281.17,1416.4,0.0,0.916667,0.916667,1.0,0.0,0.0,65.0,8200.0,2984.80545,678.731919,0.0,12.0
4450.957226,1.0,8445.96,1987.85,6458.11,0.0,1.0,0.75,1.0,0.0,0.0,224.0,6500.0,4792.662317,1124.614121,0.0,12.0
866.363389,1.0,4127.83,0.0,4127.83,0.0,0.75,0.0,0.75,0.0,0.0,15.0,7500.0,4774.49325,4419.482273,0.166667,12.0
2837.833628,1.0,5541.87,1630.6,3911.27,855.232779,1.0,0.333333,1.0,0.166667,2.0,49.0,6500.0,3909.7339,707.239263,0.0,12.0
649.896506,1.0,4919.76,4353.06,566.7,191.376535,0.916667,0.666667,0.833333,0.166667,3.0,48.0,6500.0,4854.34051,219.441278,0.166667,12.0
399.988157,1.0,5277.77,4004.96,1272.81,0.0,1.0,1.0,0.916667,0.0,0.0,57.0,6000.0,4353.346961,194.598709,1.0,12.0
3967.453587,1.0,10148.7,3162.94,6985.76,0.0,1.0,0.666667,0.916667,0.0,0.0,157.0,9800.0,6722.566161,1925.158396,0.0,12.0
2813.134224,0.818182,8834.96,8269.36,565.6,0.0,0.75,0.666667,0.583333,0.0,0.0,24.0,7000.0,3788.138204,739.344097,0.0,12.0
394.643543,0.545455,3770.05,2399.95,1370.1,1576.48503,0.916667,0.333333,0.833333,0.083333,2.0,27.0,6500.0,6372.619037,342.28649,0.0,12.0
4230.023512,1.0,5755.93,3854.62,1901.31,0.0,1.0,0.833333,0.833333,0.0,0.0,66.0,10000.0,3848.416129,925.359254,0.0,12.0
867.938337,0.363636,0.0,0.0,0.0,7378.253685,0.0,0.0,0.0,0.083333,1.0,0.0,8000.0,22889.17468,645.775344,0.5,12.0
4507.000722,1.0,7394.18,2288.2,5105.98,5424.701791,1.0,0.916667,1.0,0.833333,40.0,130.0,11000.0,10460.87946,1076.5895,0.0,12.0
5005.774991,1.0,4837.22,3513.45,1323.77,0.0,0.916667,0.666667,0.833333,0.0,0.0,50.0,12500.0,2400.932909,1189.708084,0.0,12.0
5063.070919,1.0,2742.33,517.3,2225.03,367.915403,0.916667,0.75,0.916667,0.083333,1.0,31.0,7500.0,11263.92185,3417.459191,0.083333,12.0
156.348232,0.454545,2214.87,2214.87,0.0,376.456319,0.166667,0.166667,0.0,0.083333,2.0,3.0,14500.0,7840.121433,171.749612,0.5,12.0
1729.618796,1.0,3533.46,2533.5,999.96,0.0,1.0,0.5,0.833333,0.0,0.0,46.0,5000.0,4868.256038,735.288195,0.083333,12.0
881.358988,1.0,4681.26,2301.64,2379.62,0.0,1.0,0.583333,1.0,0.0,0.0,53.0,7000.0,4675.820552,249.00939,0.0,12.0
3504.329825,1.0,5313.2,3787.5,1525.7,0.0,1.0,0.5,1.0,0.0,0.0,37.0,13000.0,4357.719667,952.119024,0.0,12.0
683.357929,1.0,5105.17,2265.11,2840.06,0.0,1.0,0.75,0.916667,0.0,0.0,90.0,3500.0,4650.299879,177.946334,0.75,12.0
1930.900813,0.909091,5616.07,4960.73,655.34,4287.486377,0.666667,0.333333,0.25,0.333333,15.0,46.0,5500.0,10894.444,864.068895,0.111111,12.0
4652.51827,1.0,4042.41,2731.38,1311.03,3581.376823,1.0,0.666667,1.0,0.333333,7.0,73.0,5000.0,7633.554879,4192.565071,0.0,12.0
965.514081,1.0,8945.67,8945.67,0.0,0.0,0.916667,0.916667,0.0,0.0,0.0,23.0,5500.0,7917.840874,261.663214,1.0,12.0
2277.067891,1.0,7025.02,7025.02,0.0,0.0,0.75,0.75,0.0,0.0,0.0,33.0,3500.0,6063.45472,2283.354515,0.083333,12.0
4217.472407,1.0,7311.99,7311.99,0.0,0.0,0.5,0.5,0.0,0.0,0.0,11.0,6700.0,2773.245445,1960.522407,0.0,12.0
1998.319924,1.0,5400.64,4694.12,706.52,0.0,1.0,0.916667,0.833333,0.0,0.0,61.0,6850.0,3359.914173,527.235281,0.090909,12.0
4028.714266,1.0,3585.75,3488.42,97.33,478.678942,0.333333,0.333333,0.083333,0.083333,1.0,17.0,6500.0,6869.557475,976.009981,0.1,12.0
2369.851759,1.0,9934.93,8500.67,1434.26,0.0,1.0,0.833333,1.0,0.0,0.0,91.0,10000.0,3670.569073,617.994101,0.0,12.0
946.059539,1.0,10915.37,9323.71,1591.66,0.0,1.0,1.0,1.0,0.0,0.0,93.0,5000.0,12612.66824,263.274743,1.0,12.0
3279.867381,0.875,6520.0,6520.0,0.0,0.0,0.75,0.75,0.0,0.0,0.0,7.0,3500.0,3524.512662,523.422296,0.125,8.0
3271.129597,1.0,4209.98,556.22,3653.76,1058.425793,1.0,0.416667,1.0,0.416667,9.0,74.0,10300.0,6965.162385,2492.306544,0.0,12.0
3746.919031,1.0,7468.37,1310.1,6158.27,0.0,1.0,0.75,1.0,0.0,0.0,139.0,10000.0,4793.23127,949.061051,0.0,12.0
2504.312118,1.0,8631.0,6983.43,1647.57,704.155697,1.0,1.0,0.75,0.333333,5.0,66.0,5000.0,5705.083777,598.008488,0.0,12.0
5718.507585,1.0,4717.77,851.58,3866.19,3584.26549,1.0,0.416667,0.916667,0.5,10.0,85.0,6000.0,8880.955481,3629.253811,0.0,12.0
3759.848908,1.0,7472.37,6845.82,626.55,0.0,1.0,1.0,0.75,0.0,0.0,54.0,8500.0,5001.440215,926.454371,0.083333,12.0
19.516936,0.090909,851.0,851.0,0.0,0.0,0.083333,0.083333,0.0,0.0,0.0,1.0,5000.0,9821.138115,0,0.0,12.0
563.749251,0.909091,5039.97,5039.97,0.0,0.0,0.833333,0.833333,0.0,0.0,0.0,25.0,4000.0,4714.741294,200.287367,0.777778,12.0
2933.577644,1.0,4562.57,3729.83,832.74,0.0,1.0,0.75,0.916667,0.0,0.0,88.0,4000.0,4237.359587,1026.20348,0.0,12.0
348.342172,0.909091,11878.25,7958.96,3919.29,0.0,1.0,1.0,0.416667,0.0,0.0,103.0,6000.0,11845.84124,156.68356,0.6,12.0
1474.990634,0.818182,4469.59,2836.63,1632.96,0.0,1.0,0.666667,1.0,0.0,0.0,67.0,4000.0,4337.964147,770.352007,0.0,12.0
3559.634883,1.0,7654.81,6984.29,670.52,0.0,0.666667,0.666667,0.333333,0.0,0.0,45.0,7000.0,2785.055072,783.737906,0.0,12.0
3447.523748,1.0,6341.55,3232.26,3109.29,2307.775197,1.0,0.75,1.0,0.5,12.0,118.0,5000.0,5575.894258,1767.825544,0.0,12.0
592.466798,1.0,5629.41,0.0,6229.41,0.0,0.916667,0.0,1.0,0.0,0.0,82.0,6000.0,5723.333315,187.963174,0.833333,12.0
5577.636715,1.0,5244.8,2089.74,3155.06,0.0,1.0,0.75,1.0,0.0,0.0,70.0,12500.0,2823.945882,1749.125129,0.0,12.0
269.075434,1.0,4572.32,2727.37,1844.95,2935.973895,0.916667,0.583333,0.75,0.75,40.0,38.0,4000.0,6555.062784,170.22006,0.6,12.0
2283.366217,1.0,2734.77,1645.87,1088.9,4303.863961,0.833333,0.583333,0.5,0.75,23.0,24.0,9500.0,8122.574527,512.099872,0.083333,12.0
561.003319,1.0,11577.0,10975.0,602.0,875.58307,1.0,1.0,0.5,0.25,6.0,97.0,5500.0,12148.50351,188.413837,0.666667,12.0
3139.84354,0.636364,859.03,0.0,859.03,1360.869614,1.0,0.0,1.0,0.333333,21.0,31.0,9000.0,8655.727728,4234.428854,0.0,12.0
2479.815703,1.0,5812.17,5142.57,669.6,638.563709,0.916667,0.75,0.416667,0.083333,3.0,27.0,10500.0,4586.498256,680.37248,0.0,12.0
2971.600871,1.0,6513.38,4694.68,1818.7,0.0,0.916667,0.333333,0.833333,0.0,0.0,41.0,5000.0,4960.050608,1273.686277,0.0,12.0
4228.417754,1.0,11994.71,11994.71,0.0,496.521561,0.25,0.25,0.0,0.083333,2.0,8.0,13450.0,508.797444,1725.645623,0.0,12.0
36.979201,0.181818,0.0,0.0,0.0,4262.120108,0.0,0.0,0.0,0.166667,2.0,0.0,2500.0,22099.47812,173.24367,0.0,12.0
6388.820712,1.0,5154.75,1622.06,3532.69,0.0,1.0,0.5,1.0,0.0,0.0,115.0,9500.0,6436.518476,1823.789613,0.0,12.0
2017.391656,1.0,12024.37,11224.1,800.27,0.0,1.0,1.0,0.5,0.0,0.0,133.0,8000.0,11516.39232,556.651236,0.333333,12.0
2134.176153,1.0,4253.64,2666.32,1587.32,0.0,1.0,1.0,0.833333,0.0,0.0,69.0,7000.0,7486.403423,574.771719,0.0,12.0
532.738123,1.0,5403.84,642.52,4761.32,0.0,1.0,1.0,1.0,0.0,0.0,85.0,7500.0,4908.599625,227.17588,1.0,12.0
377.723728,1.0,4587.21,4558.29,28.92,0.0,1.0,1.0,0.083333,0.0,0.0,37.0,4500.0,4169.408064,185.710281,1.0,12.0
618.966003,1.0,4709.14,395.92,4313.22,0.0,1.0,0.166667,1.0,0.0,0.0,18.0,4500.0,4627.972313,3959.316506,0.083333,12.0
670.177406,0.818182,4562.69,4562.69,0.0,0.0,0.25,0.25,0.0,0.0,0.0,5.0,9000.0,5060.2174,165.965951,0.0,12.0
530.574252,1.0,5221.42,2202.78,3018.64,0.0,1.0,1.0,1.0,0.0,0.0,135.0,3000.0,4590.877822,191.304474,0.583333,12.0
3342.878215,0.818182,1368.7,1300.0,68.7,1594.327632,0.083333,0.083333,0.083333,0.083333,2.0,2.0,7500.0,9614.697558,1309.066961,0.111111,12.0
4436.557694,1.0,6005.9,5838.38,167.52,567.971877,1.0,0.583333,0.916667,0.083333,1.0,61.0,10500.0,1650.425296,1067.515656,0.0,12.0
3326.323283,1.0,8209.77,2218.28,5991.49,0.0,1.0,0.416667,1.0,0.0,0.0,130.0,10000.0,1942.074765,702.905059,0.083333,12.0
599.909949,1.0,4947.32,3149.59,1797.73,0.0,1.0,1.0,0.916667,0.0,0.0,73.0,3000.0,5024.430008,218.172915,0.083333,12.0
368.318662,0.909091,8053.95,8053.95,0.0,0.0,0.833333,0.833333,0.0,0.0,0.0,46.0,2000.0,7966.582037,219.761189,0.777778,12.0
2533.618119,0.909091,5633.83,2985.92,2647.91,2451.807788,0.916667,0.5,0.75,0.333333,16.0,82.0,9000.0,8176.953944,602.963244,0.0,12.0
1042.816735,0.625,3950.0,3950.0,0.0,0.0,0.25,0.25,0.0,0.0,0.0,3.0,3150.0,6274.982741,303.462882,0.0,8.0
